zcta,service_line,subservice_line,base_year_demand_volume,five_year_demand_volume,ten_year_demand_volume,weighted demand,internal_pt_lat,internal_pt_lon
8001,Cardiology,Medical Cardiology,161.87747,161.9902138,160.3146565,161.4649979,39.5478801,-75.3463843
8002,Cardiology,Medical Cardiology,4836.830019,4836.604184,4781.138736,4820.009717,39.9319779,-75.0275573
8003,Cardiology,Medical Cardiology,6576.749261,6575.578988,6498.732818,6552.759192,39.8827029,-74.9720358
8004,Cardiology,Medical Cardiology,2364.391262,2367.632443,2346.182027,2360.549082,39.7647473,-74.8706261
8007,Cardiology,Medical Cardiology,1121.537593,1121.571846,1108.864051,1117.752657,39.8657903,-75.0537454
8009,Cardiology,Medical Cardiology,2714.700152,2714.931605,2684.390919,2705.723109,39.7606563,-74.9328602
8010,Cardiology,Medical Cardiology,2598.983216,2599.145919,2569.785107,2590.305135,40.053506,-74.918438
8011,Cardiology,Medical Cardiology,6.569943386,6.573774881,6.504627961,6.552264506,39.9727669,-74.7129269
8012,Cardiology,Medical Cardiology,8123.73797,8128.579785,8044.277067,8102.320607,39.7838154,-75.0560675
8014,Cardiology,Medical Cardiology,93.21627222,93.41573616,92.67664676,93.15411655,39.8159061,-75.3483349
8015,Cardiology,Medical Cardiology,3792.663183,3795.158539,3755.933948,3782.892091,39.9315356,-74.5437201
8016,Cardiology,Medical Cardiology,6841.506006,6845.31693,6773.0966,6822.888646,40.0695421,-74.8243006
8019,Cardiology,Medical Cardiology,202.280687,202.3447636,200.161777,201.6770523,39.777295,-74.5342176
8020,Cardiology,Medical Cardiology,484.1459483,484.240091,478.8243441,482.5965384,39.7972633,-75.225267
8021,Cardiology,Medical Cardiology,8334.623542,8344.388009,8265.454364,8318.755022,39.80727,-75.006883
8022,Cardiology,Medical Cardiology,2565.644608,2559.522678,2519.938323,2548.871758,40.0675896,-74.7057415
8023,Cardiology,Medical Cardiology,98.22820806,98.2386367,97.13970739,97.90687218,39.6866993,-75.4962743
8026,Cardiology,Medical Cardiology,433.6186395,433.8283462,429.2311217,432.4072375,39.8359427,-74.9657326
8027,Cardiology,Medical Cardiology,1101.424893,1101.45742,1089.077273,1097.736871,39.83473,-75.2884822
8028,Cardiology,Medical Cardiology,3933.760988,3937.368175,3898.805729,3925.078004,39.6958889,-75.1214572
8029,Cardiology,Medical Cardiology,1018.38629,1018.187041,1006.252593,1014.646556,39.8409371,-75.0672112
8030,Cardiology,Medical Cardiology,2572.755215,2574.676061,2548.458779,2566.426707,39.8888958,-75.1180784
8031,Cardiology,Medical Cardiology,2574.132649,2574.569883,2546.150782,2565.956706,39.866356,-75.0946695
8033,Cardiology,Medical Cardiology,3470.088449,3469.586981,3429.155525,3457.557838,39.8924215,-75.0366508
8034,Cardiology,Medical Cardiology,3819.234091,3819.1294,3775.335339,3806.01212,39.9061003,-75.0003751
8035,Cardiology,Medical Cardiology,1616.885519,1616.83582,1598.327625,1611.293301,39.8791269,-75.0659184
8036,Cardiology,Medical Cardiology,1446.998446,1446.199058,1428.255576,1440.975891,39.9705712,-74.8322065
8037,Cardiology,Medical Cardiology,5132.757351,5136.238034,5083.539219,5119.732253,39.6399585,-74.75932
8038,Cardiology,Medical Cardiology,25.74558357,25.76471157,25.50373674,25.68259352,39.470004,-75.4902912
8039,Cardiology,Medical Cardiology,28.12668351,28.14657313,27.85739352,28.05584132,39.6856586,-75.2773093
8041,Cardiology,Medical Cardiology,214.0984712,214.2489941,212.0666151,213.5641758,40.0385252,-74.6841008
8042,Cardiology,Medical Cardiology,43.40326758,43.43378244,42.9913581,43.29495217,40.0153885,-74.6622884
8043,Cardiology,Medical Cardiology,5985.429481,5990.869327,5932.014868,5972.12502,39.8485702,-74.9528435
8045,Cardiology,Medical Cardiology,577.1149081,576.7180602,569.4233345,574.6090121,39.8672006,-75.0297695
8046,Cardiology,Medical Cardiology,6631.24276,6628.839808,6548.823895,6605.315625,40.0279495,-74.8869838
8048,Cardiology,Medical Cardiology,2631.093921,2633.236402,2606.69816,2624.846433,39.9588554,-74.8024782
8049,Cardiology,Medical Cardiology,1012.73617,1013.23048,1002.558236,1009.929945,39.8544122,-75.0384669
8051,Cardiology,Medical Cardiology,2480.403131,2480.117926,2451.341876,2471.542152,39.7840248,-75.175979
8052,Cardiology,Medical Cardiology,4598.481145,4601.804996,4555.439482,4587.230572,39.9523809,-74.9948958
8053,Cardiology,Medical Cardiology,10330.095,10335.04502,10225.79106,10301.27883,39.856677,-74.9008104
8054,Cardiology,Medical Cardiology,9929.155803,9928.982045,9815.937027,9895.103291,39.9489918,-74.900247
8055,Cardiology,Medical Cardiology,6256.620982,6256.234745,6184.104803,6234.67301,39.8626955,-74.8223105
8056,Cardiology,Medical Cardiology,1041.205317,1041.411249,1029.770477,1037.877831,39.7836833,-75.2553016
8057,Cardiology,Medical Cardiology,4835.266238,4832.998077,4773.681945,4815.65687,39.9796575,-74.9413079
8059,Cardiology,Medical Cardiology,1193.662936,1194.433701,1182.131878,1190.589001,39.8848248,-75.0926673
8060,Cardiology,Medical Cardiology,5041.295009,5045.788557,4995.701734,5029.863801,40.0077374,-74.7900879
8061,Cardiology,Medical Cardiology,587.4237377,587.5399803,580.9720979,585.5463671,39.79887,-75.2053649
8062,Cardiology,Medical Cardiology,3076.775402,3080.874897,3052.200876,3071.452792,39.7160945,-75.2192671
8063,Cardiology,Medical Cardiology,603.5860692,604.2773953,598.6259198,602.4436874,39.8672966,-75.1856214
8064,Cardiology,Medical Cardiology,64.7717527,64.79017821,64.08285101,64.57429495,39.9619323,-74.640293
8065,Cardiology,Medical Cardiology,1681.152643,1682.257345,1665.137654,1676.900497,40.0026146,-75.0352732
8066,Cardiology,Medical Cardiology,1574.512287,1575.779921,1559.770255,1570.723494,39.8342916,-75.2283549
8067,Cardiology,Medical Cardiology,320.9213854,321.3334623,318.3939452,320.3691918,39.7391928,-75.4114057
8068,Cardiology,Medical Cardiology,1415.309335,1415.957731,1400.953435,1411.326763,39.9613936,-74.665922
8069,Cardiology,Medical Cardiology,2256.135372,2258.442961,2236.378532,2251.362115,39.6992576,-75.4451796
8070,Cardiology,Medical Cardiology,2867.845342,2868.722859,2837.705574,2859.24217,39.6191254,-75.5160692
8071,Cardiology,Medical Cardiology,2069.057751,2069.084153,2045.576511,2062.02658,39.7318944,-75.1335339
8072,Cardiology,Medical Cardiology,43.47513551,43.51395692,43.08637225,43.37791724,39.5443077,-75.4187035
8073,Cardiology,Medical Cardiology,44.41148373,44.42976903,43.95220203,44.28284187,40.0095458,-74.8668196
8074,Cardiology,Medical Cardiology,11.84173778,11.85513772,11.74100151,11.81821687,39.7161659,-75.1634403
8075,Cardiology,Medical Cardiology,6394.493216,6398.013239,6331.025402,6377.212883,40.0296762,-74.9489967
8077,Cardiology,Medical Cardiology,4389.351027,4387.297136,4333.906902,4371.690844,40.0001617,-74.9916319
8078,Cardiology,Medical Cardiology,1756.777157,1757.702901,1739.335656,1752.007579,39.8534114,-75.0755019
8079,Cardiology,Medical Cardiology,2065.148155,2065.960891,2043.725615,2059.127761,39.5424076,-75.4316839
8080,Cardiology,Medical Cardiology,7919.513966,7926.254161,7847.408994,7901.252572,39.7573532,-75.1220433
8081,Cardiology,Medical Cardiology,8845.350478,8860.35788,8783.31464,8834.243428,39.7329417,-74.9766568
8083,Cardiology,Medical Cardiology,1851.78022,1852.513299,1832.737128,1846.433832,39.8412654,-75.0285928
8084,Cardiology,Medical Cardiology,1383.279896,1384.208039,1370.057269,1379.777179,39.8289808,-75.0155326
8085,Cardiology,Medical Cardiology,3554.392327,3560.433842,3529.393412,3549.91341,39.7611623,-75.3241091
8086,Cardiology,Medical Cardiology,1730.168007,1732.231744,1716.110735,1726.982694,39.8547281,-75.1986863
8088,Cardiology,Medical Cardiology,6278.117984,6271.747229,6189.789618,6248.434097,39.8514669,-74.6934124
8089,Cardiology,Medical Cardiology,833.4954734,833.7876472,824.7953812,831.0315326,39.7211968,-74.8266538
8090,Cardiology,Medical Cardiology,1823.191885,1823.971359,1804.527787,1817.982393,39.7990725,-75.1506975
8091,Cardiology,Medical Cardiology,978.79504,979.8594137,970.5142513,976.8429902,39.8071159,-74.924178
8093,Cardiology,Medical Cardiology,2119.531578,2121.14227,2099.775853,2114.410207,39.8646507,-75.1374752
8094,Cardiology,Medical Cardiology,8457.445776,8461.10238,8370.545984,8433.20414,39.6506006,-74.9593112
8095,Cardiology,Medical Cardiology,43.67968886,43.74690203,43.35975502,43.61731529,39.6492981,-74.8580058
8096,Cardiology,Medical Cardiology,7678.217427,7684.774125,7608.270583,7660.511723,39.8259396,-75.1268148
8097,Cardiology,Medical Cardiology,729.231904,729.37071,721.313376,726.9257486,39.8132901,-75.1506497
8098,Cardiology,Medical Cardiology,1861.795044,1862.249368,1841.830995,1856.032991,39.6393006,-75.3298008
8102,Cardiology,Medical Cardiology,1300.252565,1301.262109,1287.882053,1297.046183,39.9525582,-75.1209991
8103,Cardiology,Medical Cardiology,2459.029535,2463.552204,2442.698733,2456.391629,39.9358338,-75.1139214
8104,Cardiology,Medical Cardiology,3227.952788,3231.59557,3198.924625,3221.06573,39.9164354,-75.1131794
8105,Cardiology,Medical Cardiology,4311.518625,4320.235157,4283.657118,4307.518439,39.9503396,-75.0962779
8106,Cardiology,Medical Cardiology,2126.927348,2127.600725,2104.645018,2120.579338,39.8915201,-75.0740849
8107,Cardiology,Medical Cardiology,2704.007532,2705.738428,2677.895706,2697.039432,39.9086654,-75.0844453
8108,Cardiology,Medical Cardiology,3805.062301,3806.486903,3765.781051,3793.990227,39.9146675,-75.0608617
8109,Cardiology,Medical Cardiology,4105.417321,4109.05954,4068.252352,4096.08894,39.9513205,-75.0501233
8110,Cardiology,Medical Cardiology,2789.176116,2794.915714,2771.935755,2786.873807,39.9718927,-75.057876
8201,Cardiology,Medical Cardiology,2160.282768,2161.166365,2137.983901,2154.034906,39.4235629,-74.4930249
8202,Cardiology,Medical Cardiology,292.5624917,291.9074158,287.5481357,290.730647,39.093507,-74.7301048
8203,Cardiology,Medical Cardiology,2283.726377,2284.387835,2259.843551,2276.892258,39.4272906,-74.389617
8204,Cardiology,Medical Cardiology,4720.869643,4717.019179,4657.600573,4699.96369,38.971104,-74.9209992
8205,Cardiology,Medical Cardiology,6157.378067,6163.109512,6102.490514,6143.777524,39.4819998,-74.4526371
8210,Cardiology,Medical Cardiology,4215.571261,4216.71586,4170.7755,4202.704832,39.1215606,-74.8343992
8212,Cardiology,Medical Cardiology,74.75783851,74.68115711,73.71254448,74.4059096,38.9334463,-74.953895
8215,Cardiology,Medical Cardiology,2423.627632,2426.167766,2402.737009,2418.630512,39.5865056,-74.5636563
8217,Cardiology,Medical Cardiology,12.98706129,13.00515275,12.88690581,12.96606038,39.5741923,-74.719915
8221,Cardiology,Medical Cardiology,1637.362823,1636.41641,1616.153151,1630.526715,39.3437182,-74.5710495
8223,Cardiology,Medical Cardiology,958.1844823,958.5929486,948.3782808,955.446855,39.2695198,-74.6571181
8224,Cardiology,Medical Cardiology,125.2054625,125.2448781,123.8932794,124.8315154,39.5993336,-74.4674348
8225,Cardiology,Medical Cardiology,1941.019352,1941.587363,1920.380077,1935.111575,39.3626676,-74.541483
8226,Cardiology,Medical Cardiology,2757.553817,2753.919152,2716.951129,2743.555678,39.2637844,-74.6077527
8230,Cardiology,Medical Cardiology,1370.784887,1371.340212,1356.610665,1366.810283,39.2079382,-74.7236039
8232,Cardiology,Medical Cardiology,2996.109405,3000.283664,2972.317233,2991.058883,39.3875252,-74.5151963
8234,Cardiology,Medical Cardiology,8789.973704,8800.815366,8717.905911,8773.774197,39.3883932,-74.620728
8240,Cardiology,Medical Cardiology,833.8124923,832.611799,821.1929274,829.4262762,39.4880591,-74.533973
8241,Cardiology,Medical Cardiology,281.9951508,282.0105883,278.8428428,281.0571772,39.5347979,-74.4760989
8242,Cardiology,Medical Cardiology,748.6292066,748.4327436,739.5080781,745.7946366,39.0185758,-74.8889047
8243,Cardiology,Medical Cardiology,492.2398156,491.4125912,484.5475946,489.5185371,39.1510131,-74.6963192
8244,Cardiology,Medical Cardiology,2411.581204,2413.107842,2388.404016,2405.391367,39.3189684,-74.5884576
8246,Cardiology,Medical Cardiology,21.9731814,21.98911254,21.76568002,21.91889656,39.1809649,-74.7658057
8247,Cardiology,Medical Cardiology,188.4864298,187.8516483,184.6917294,187.0306289,39.0489753,-74.7862193
8248,Cardiology,Medical Cardiology,39.03835341,39.05187796,38.62809834,38.92203916,39.1955412,-74.6569518
8251,Cardiology,Medical Cardiology,2396.434123,2395.965155,2367.931568,2387.648873,39.0277152,-74.9295135
8260,Cardiology,Medical Cardiology,3162.91839,3161.108391,3122.290658,3149.825071,38.9983471,-74.8433019
8270,Cardiology,Medical Cardiology,1804.429795,1805.308408,1786.236256,1799.41104,39.2717788,-74.7859717
8302,Cardiology,Medical Cardiology,7780.465592,7789.427756,7714.309459,7765.099834,39.4386128,-75.2606457
8310,Cardiology,Medical Cardiology,329.833728,329.8637744,326.1399624,328.7406215,39.5314368,-74.8968102
8311,Cardiology,Medical Cardiology,338.9324374,339.4094098,336.2676334,338.3714824,39.327866,-75.2040353
8312,Cardiology,Medical Cardiology,1456.106704,1458.096176,1444.674208,1453.671691,39.6640632,-75.0743971
8314,Cardiology,Medical Cardiology,722.8516543,722.4889323,713.706702,719.9268076,39.218162,-74.9442699
8316,Cardiology,Medical Cardiology,75.22267581,75.28860342,74.53991518,75.05081143,39.2695319,-74.9496894
8317,Cardiology,Medical Cardiology,321.0333836,320.911261,317.0571039,319.7794384,39.4006877,-74.8296337
8318,Cardiology,Medical Cardiology,2565.339632,2566.961634,2540.542859,2558.711601,39.5576535,-75.1777169
8319,Cardiology,Medical Cardiology,299.1983925,299.0845759,295.4925583,298.0297339,39.3704087,-74.8108165
8320,Cardiology,Medical Cardiology,290.6117765,293.1587318,294.3357987,293.0024608,39.3850796,-75.1606004
8321,Cardiology,Medical Cardiology,52.62245917,52.58854621,51.93584719,52.3995191,39.223596,-75.143169
8322,Cardiology,Medical Cardiology,2149.271213,2151.600968,2131.031546,2144.96419,39.6111023,-75.0487711
8323,Cardiology,Medical Cardiology,156.152556,156.1965986,154.5043586,155.6801181,39.3962734,-75.3675507
8324,Cardiology,Medical Cardiology,98.93125131,99.01795789,98.03329916,98.70521896,39.2162133,-74.9942557
8326,Cardiology,Medical Cardiology,338.7444594,339.0266853,335.6388144,337.9538789,39.5376759,-74.9282701
8327,Cardiology,Medical Cardiology,838.1018652,837.7999037,827.8064491,834.8622596,39.2515495,-74.9628009
8328,Cardiology,Medical Cardiology,280.5150216,280.6617663,277.7122008,279.7475477,39.5796678,-75.0563747
8329,Cardiology,Medical Cardiology,31.58907444,31.63239084,31.34261158,31.53679378,39.2756169,-75.0082988
8330,Cardiology,Medical Cardiology,5614.170779,5621.628398,5569.913047,5604.622269,39.4816025,-74.7374072
8332,Cardiology,Medical Cardiology,6229.944053,6234.445951,6169.912808,6214.185629,39.377041,-75.0233738
8340,Cardiology,Medical Cardiology,191.3697535,191.4084795,189.2832981,190.7631799,39.4386343,-74.8837838
8341,Cardiology,Medical Cardiology,430.475833,430.8371892,426.5365851,429.4747367,39.5254243,-74.9530204
8343,Cardiology,Medical Cardiology,1035.54789,1036.069672,1025.161816,1032.692959,39.6363478,-75.1675605
8344,Cardiology,Medical Cardiology,1193.768742,1194.506157,1182.159333,1190.654627,39.5617448,-74.9860375
8345,Cardiology,Medical Cardiology,170.1389779,170.0392316,167.9440559,169.4306282,39.2751059,-75.1640474
8346,Cardiology,Medical Cardiology,167.7097307,167.6924857,165.7425674,167.1109592,39.5695481,-74.8520864
8348,Cardiology,Medical Cardiology,51.71558962,51.76091485,51.24619168,51.59743285,39.3099326,-74.9713647
8349,Cardiology,Medical Cardiology,374.7743944,375.0468846,371.2220731,373.8449431,39.2738645,-75.0713073
8350,Cardiology,Medical Cardiology,164.0965946,164.0797212,162.1718119,163.5107231,39.4906656,-74.8890144
8352,Cardiology,Medical Cardiology,76.87202486,76.91971786,76.1127129,76.66807777,39.4757319,-75.1279798
8353,Cardiology,Medical Cardiology,97.3933891,97.42426939,96.37272374,97.10262964,39.4624183,-75.2924402
8360,Cardiology,Medical Cardiology,7878.512693,7884.437877,7803.09685,7858.850532,39.4944821,-75.00577
8361,Cardiology,Medical Cardiology,3522.793202,3523.573355,3484.565616,3511.715003,39.4493692,-74.9588266
8401,Cardiology,Medical Cardiology,7653.491631,7659.033595,7580.164717,7634.264539,39.3843525,-74.454277
8402,Cardiology,Medical Cardiology,1773.580153,1771.17681,1747.284381,1764.48975,39.3263847,-74.5044733
8403,Cardiology,Medical Cardiology,207.1160606,206.9721943,204.3777151,206.2226238,39.3184972,-74.542405
8406,Cardiology,Medical Cardiology,2511.059167,2511.48022,2483.847377,2503.106157,39.3415604,-74.4808622
8505,Cardiology,Medical Cardiology,4296.380729,4296.073254,4246.600904,4281.293044,40.1030918,-74.7335717
8511,Cardiology,Medical Cardiology,147.7729452,148.5289175,148.0892401,148.2458198,40.0423787,-74.5570371
8515,Cardiology,Medical Cardiology,973.1411008,973.0847804,961.7889984,969.7073099,40.119177,-74.6628935
8518,Cardiology,Medical Cardiology,1039.305811,1040.052458,1029.523566,1036.744461,40.1154281,-74.8020878
8554,Cardiology,Medical Cardiology,833.6380711,834.0245095,825.1793381,831.2936704,40.1172172,-74.7778437
8562,Cardiology,Medical Cardiology,1128.437508,1129.372573,1118.034581,1125.784162,40.0619567,-74.5918776
8640,Cardiology,Medical Cardiology,2104.168826,2121.866257,2128.179792,2120.220831,40.0044157,-74.5912691
8641,Cardiology,Medical Cardiology,588.9384692,589.459122,583.443535,587.5503153,40.020342,-74.5902378
17527,Cardiology,Medical Cardiology,1088.328129,1089.042253,1077.526874,1085.444815,40.0088807,-75.9912959
17555,Cardiology,Medical Cardiology,1394.713277,1395.585642,1380.808188,1390.977933,40.1223767,-75.9593923
17569,Cardiology,Medical Cardiology,1140.747543,1141.713317,1130.227064,1138.074286,40.2714332,-76.0965767
18011,Cardiology,Medical Cardiology,1216.516882,1217.182,1204.371864,1213.205936,40.4770128,-75.646129
18031,Cardiology,Medical Cardiology,1835.24622,1835.03876,1813.755078,1828.695147,40.552014,-75.6486511
18036,Cardiology,Medical Cardiology,3067.816909,3069.041141,3036.315465,3058.978592,40.5088785,-75.3860045
18041,Cardiology,Medical Cardiology,1159.662242,1160.586903,1148.869522,1156.886757,40.4204036,-75.5097195
18054,Cardiology,Medical Cardiology,1048.817787,1048.91749,1037.178394,1045.375821,40.3523695,-75.4387361
18055,Cardiology,Medical Cardiology,2825.801222,2825.702452,2793.614543,2816.095833,40.5915826,-75.3043531
18056,Cardiology,Medical Cardiology,222.3820867,222.4655705,220.0834938,221.7342507,40.4509419,-75.5503893
18062,Cardiology,Medical Cardiology,6045.21054,6045.285148,5976.430796,6024.613921,40.5039545,-75.5851787
18070,Cardiology,Medical Cardiology,183.7299957,183.7243348,181.6170608,183.0932848,40.4348662,-75.5356168
18073,Cardiology,Medical Cardiology,2184.466158,2184.996772,2160.80182,2177.632164,40.3864985,-75.47443
18074,Cardiology,Medical Cardiology,1390.054308,1390.969254,1376.697974,1386.504881,40.3167375,-75.515686
18076,Cardiology,Medical Cardiology,708.0546631,707.5651779,698.7378597,705.0148795,40.3748034,-75.4807903
18077,Cardiology,Medical Cardiology,529.5009337,529.8211485,524.4115611,528.1342293,40.5700647,-75.2371149
18081,Cardiology,Medical Cardiology,81.7875772,81.82826637,80.97472002,81.56406463,40.5636977,-75.2815836
18092,Cardiology,Medical Cardiology,786.7737268,787.4042027,779.5728683,784.9287072,40.4696971,-75.51314
18901,Cardiology,Medical Cardiology,6869.480251,6868.132359,6788.221893,6844.428798,40.3062672,-75.1471437
18902,Cardiology,Medical Cardiology,4381.406581,4386.919598,4345.727971,4373.459507,40.3521336,-75.0956801
18912,Cardiology,Medical Cardiology,9.608920434,9.600538177,9.476380719,9.564967391,40.3239523,-75.0564066
18913,Cardiology,Medical Cardiology,45.6379604,45.63809418,45.12026773,45.48271949,40.3793896,-75.0600099
18914,Cardiology,Medical Cardiology,4578.351354,4581.596673,4534.57243,4566.840336,40.288978,-75.209591
18915,Cardiology,Medical Cardiology,273.3212604,273.3236096,270.2246118,272.3934404,40.2721101,-75.2568232
18917,Cardiology,Medical Cardiology,425.0740467,425.7761777,422.0833682,424.5279087,40.3769203,-75.2059483
18920,Cardiology,Medical Cardiology,88.80427529,88.84954521,87.92611627,88.56346254,40.4977177,-75.0840336
18923,Cardiology,Medical Cardiology,217.7397522,217.938032,215.7928236,217.2548135,40.3578106,-75.1740439
18925,Cardiology,Medical Cardiology,1534.926733,1533.130569,1512.439135,1527.282372,40.2888111,-75.0580392
18929,Cardiology,Medical Cardiology,1935.969216,1938.168762,1919.676405,1932.181146,40.2555132,-75.0801516
18930,Cardiology,Medical Cardiology,619.6412278,620.2144144,614.200143,618.2954957,40.5210738,-75.2186732
18932,Cardiology,Medical Cardiology,88.54264295,88.55143553,87.55613495,88.25108684,40.2915853,-75.2504856
18935,Cardiology,Medical Cardiology,25.94167697,25.95155697,25.67375009,25.86623891,40.437016,-75.4034726
18936,Cardiology,Medical Cardiology,1.055422987,1.054388031,1.040485285,1.050424198,40.2240497,-75.2309607
18938,Cardiology,Medical Cardiology,3618.714036,3619.905821,3580.771756,3607.927245,40.3510482,-74.9980492
18940,Cardiology,Medical Cardiology,6329.413831,6335.568356,6273.663244,6315.765917,40.2605942,-74.9370698
18942,Cardiology,Medical Cardiology,770.4170542,770.9251255,763.0808964,768.4702425,40.4711586,-75.160467
18944,Cardiology,Medical Cardiology,5297.367399,5302.539492,5250.934378,5286.023539,40.3892928,-75.2344424
18947,Cardiology,Medical Cardiology,1327.650905,1329.402926,1317.184738,1325.387065,40.422899,-75.1178388
18950,Cardiology,Medical Cardiology,61.98617003,62.01776884,61.37320727,61.81808061,40.4452327,-75.0744407
18951,Cardiology,Medical Cardiology,7447.631963,7453.421607,7378.372381,7429.74891,40.4529643,-75.3488552
18954,Cardiology,Medical Cardiology,2264.069349,2263.783424,2237.517112,2255.960715,40.225413,-74.9929569
18955,Cardiology,Medical Cardiology,365.3890295,365.5825715,361.7672106,364.3992548,40.47664,-75.3136936
18960,Cardiology,Medical Cardiology,2791.735186,2792.400964,2761.733676,2783.067622,40.3662953,-75.3258952
18962,Cardiology,Medical Cardiology,110.1604049,110.2811687,109.2237453,109.9397889,40.346684,-75.2711384
18964,Cardiology,Medical Cardiology,3375.135096,3373.680889,3332.595612,3361.646147,40.3034703,-75.3378892
18966,Cardiology,Medical Cardiology,8999.360203,8999.324024,8897.140325,8968.67615,40.1884675,-75.0098978
18969,Cardiology,Medical Cardiology,3484.574218,3485.779947,3448.028521,3474.213373,40.3263042,-75.3684222
18970,Cardiology,Medical Cardiology,155.485874,155.5450915,153.8800084,155.0337231,40.4120014,-75.3812057
18972,Cardiology,Medical Cardiology,844.5621209,845.2060443,836.7874204,842.5516725,40.52732,-75.1246664
18974,Cardiology,Medical Cardiology,9486.546536,9489.027807,9385.149584,9457.368086,40.2170615,-75.072803
18976,Cardiology,Medical Cardiology,4475.801487,4479.175557,4433.736303,4464.868967,40.2488212,-75.1435223
18977,Cardiology,Medical Cardiology,1022.606684,1022.247742,1009.960989,1018.633505,40.2868615,-74.8821126
18980,Cardiology,Medical Cardiology,115.4263353,115.5736621,114.5001852,115.2221537,40.2684365,-75.0181624
19001,Cardiology,Medical Cardiology,3844.131523,3844.26755,3800.564872,3831.129541,40.1259226,-75.1254428
19002,Cardiology,Medical Cardiology,7824.378112,7822.5518,7730.100134,7795.181563,40.1872165,-75.2068758
19003,Cardiology,Medical Cardiology,2862.923618,2863.218718,2831.288981,2853.580777,40.0015527,-75.2989288
19004,Cardiology,Medical Cardiology,2314.495927,2312.824753,2283.647557,2304.405829,40.0097528,-75.2315075
19006,Cardiology,Medical Cardiology,5620.127997,5614.271971,5540.539246,5593.323359,40.1504355,-75.0338988
19007,Cardiology,Medical Cardiology,4281.166197,4283.914645,4239.419493,4270.01641,40.1131786,-74.8576505
19008,Cardiology,Medical Cardiology,4894.678508,4892.347162,4832.947495,4874.993531,39.9724244,-75.3604403
19009,Cardiology,Medical Cardiology,194.0178927,193.8858335,191.465247,193.1860694,40.137805,-75.0642415
19010,Cardiology,Medical Cardiology,5126.093586,5122.801575,5059.340449,5104.421639,40.023625,-75.3297239
19012,Cardiology,Medical Cardiology,1427.853139,1428.554901,1413.370724,1423.859296,40.0597677,-75.1058852
19013,Cardiology,Medical Cardiology,6416.622889,6416.834599,6342.065427,6394.361505,39.8488357,-75.3759893
19014,Cardiology,Medical Cardiology,4827.524315,4829.948123,4779.257641,4814.256217,39.8649072,-75.4329577
19015,Cardiology,Medical Cardiology,3479.788444,3481.848134,3445.356763,3470.488785,39.8686334,-75.392945
19017,Cardiology,Medical Cardiology,82.36355818,82.39589815,81.51673979,82.12568265,39.8894384,-75.46268
19018,Cardiology,Medical Cardiology,5065.818904,5069.982378,5019.503261,5054.005948,39.9230608,-75.2985911
19020,Cardiology,Medical Cardiology,12882.23719,12891.15799,12760.07009,12850.04746,40.0997485,-74.9378293
19021,Cardiology,Medical Cardiology,2145.197799,2147.184579,2126.158827,2140.479497,40.089651,-74.8921835
19022,Cardiology,Medical Cardiology,705.8716124,706.3223531,698.9798078,704.0294414,39.8614404,-75.3370226
19023,Cardiology,Medical Cardiology,3717.686159,3722.381176,3686.597629,3710.707109,39.9171398,-75.2673865
19025,Cardiology,Medical Cardiology,1241.354497,1241.168783,1226.639922,1236.847268,40.1464436,-75.1619874
19026,Cardiology,Medical Cardiology,6376.828667,6380.844135,6314.909093,6360.260529,39.9503102,-75.3040416
19027,Cardiology,Medical Cardiology,4314.99533,4314.397549,4264.172325,4299.449538,40.0731178,-75.1244309
19029,Cardiology,Medical Cardiology,927.3473547,927.4421977,917.1128085,924.3244123,39.8706833,-75.2921238
19030,Cardiology,Medical Cardiology,2715.567032,2717.170469,2688.983935,2708.393821,40.1804678,-74.8372629
19031,Cardiology,Medical Cardiology,1196.900263,1195.88002,1180.568614,1191.490647,40.1091553,-75.2170047
19032,Cardiology,Medical Cardiology,1315.899981,1316.895819,1303.593998,1312.706105,39.8912957,-75.2787765
19033,Cardiology,Medical Cardiology,1736.650192,1737.104451,1718.087783,1731.308599,39.890883,-75.3284346
19034,Cardiology,Medical Cardiology,1407.466672,1407.45002,1391.407696,1402.640653,40.1342688,-75.2048376
19035,Cardiology,Medical Cardiology,963.2248928,961.6157104,947.9192206,957.8285999,40.0513493,-75.2776415
19036,Cardiology,Medical Cardiology,2761.610129,2762.943001,2733.708877,2753.906189,39.9035786,-75.2933546
19038,Cardiology,Medical Cardiology,7532.097584,7531.139202,7443.744202,7505.112378,40.1004183,-75.1717607
19040,Cardiology,Medical Cardiology,4975.941285,4976.526322,4920.978079,4959.744842,40.1768786,-75.1055954
19041,Cardiology,Medical Cardiology,1595.917417,1593.738906,1572.054925,1587.669414,40.0074032,-75.3157655
19043,Cardiology,Medical Cardiology,583.8869898,584.0999086,577.821355,582.1737588,39.9003088,-75.3088535
19044,Cardiology,Medical Cardiology,3569.54272,3573.99502,3540.868779,3563.166688,40.1860672,-75.1528667
19046,Cardiology,Medical Cardiology,4520.529312,4516.898002,4459.349464,4500.359703,40.1014073,-75.1055193
19047,Cardiology,Medical Cardiology,8141.46426,8145.987436,8061.52237,8119.743281,40.1804475,-74.9124514
19050,Cardiology,Medical Cardiology,5835.737149,5840.281189,5781.059911,5821.605998,39.9375505,-75.2636565
19053,Cardiology,Medical Cardiology,5976.471596,5979.457578,5916.795516,5960.061763,40.1539183,-74.9749908
19054,Cardiology,Medical Cardiology,3793.708138,3796.418743,3757.823946,3784.298183,40.1730238,-74.8188221
19055,Cardiology,Medical Cardiology,2957.744299,2959.765855,2929.365759,2950.241515,40.1503072,-74.839218
19056,Cardiology,Medical Cardiology,3400.201051,3401.51886,3364.897352,3390.268846,40.149339,-74.8858147
19057,Cardiology,Medical Cardiology,3652.635466,3654.725964,3616.550087,3642.855101,40.1408155,-74.8540397
19060,Cardiology,Medical Cardiology,2482.326448,2484.359619,2459.305613,2476.436783,39.8499831,-75.493675
19061,Cardiology,Medical Cardiology,4109.465882,4112.299407,4070.055552,4099.059546,39.8288299,-75.4350692
19063,Cardiology,Medical Cardiology,8337.715204,8335.742243,8238.288481,8306.900707,39.9222285,-75.414058
19064,Cardiology,Medical Cardiology,5568.415362,5566.620604,5500.202836,5547.054225,39.9331562,-75.340813
19066,Cardiology,Medical Cardiology,1336.149778,1335.557012,1319.237496,1330.77971,40.0025824,-75.249064
19067,Cardiology,Medical Cardiology,11246.8034,11254.72964,11139.79404,11218.66371,40.2058766,-74.8178265
19070,Cardiology,Medical Cardiology,1552.085567,1552.854913,1536.492925,1547.792447,39.9062482,-75.3247331
19072,Cardiology,Medical Cardiology,2296.42762,2295.785498,2268.567606,2287.748555,40.0238909,-75.2577412
19073,Cardiology,Medical Cardiology,4536.606908,4533.324623,4476.372585,4516.895469,39.9832527,-75.4292182
19074,Cardiology,Medical Cardiology,1261.514496,1262.214105,1249.036884,1258.121017,39.8859902,-75.2957559
19075,Cardiology,Medical Cardiology,1706.795797,1706.627297,1686.849945,1700.727791,40.11388,-75.1850307
19076,Cardiology,Medical Cardiology,1382.160107,1383.310815,1369.537058,1378.948546,39.8860973,-75.3073696
19078,Cardiology,Medical Cardiology,2503.609211,2504.47128,2477.534382,2496.217797,39.8743779,-75.3221254
19079,Cardiology,Medical Cardiology,1744.540033,1745.430111,1726.655912,1739.619836,39.8987812,-75.2670697
19081,Cardiology,Medical Cardiology,2189.112856,2188.348769,2162.154148,2180.6432,39.8980484,-75.3471586
19082,Cardiology,Medical Cardiology,7471.473004,7484.875189,7420.638807,7462.923837,39.9604332,-75.2704175
19083,Cardiology,Medical Cardiology,7665.006964,7668.019028,7585.553598,7642.676986,39.9770248,-75.3120663
19085,Cardiology,Medical Cardiology,2030.517987,2028.883092,2003.016675,2021.450146,40.0369727,-75.349913
19086,Cardiology,Medical Cardiology,2525.422702,2525.334828,2496.424185,2516.67921,39.8906361,-75.3700377
19087,Cardiology,Medical Cardiology,7459.789502,7458.41578,7371.033665,7432.47589,40.0618724,-75.402461
19090,Cardiology,Medical Cardiology,4380.111009,4379.734761,4329.178368,4364.643093,40.1574516,-75.1247531
19094,Cardiology,Medical Cardiology,943.397243,943.5785852,933.1447466,940.4121652,39.8748806,-75.3466407
19095,Cardiology,Medical Cardiology,1833.053121,1830.199765,1804.514044,1823.06472,40.0859907,-75.1512342
19096,Cardiology,Medical Cardiology,3294.871058,3292.652346,3251.407329,3280.722583,39.9978821,-75.2741781
19102,Cardiology,Medical Cardiology,1239.297907,1241.376187,1231.203568,1237.908745,39.9527835,-75.1655863
19103,Cardiology,Medical Cardiology,5984.261053,5992.90705,5941.051805,5975.621277,39.9528962,-75.1742983
19104,Cardiology,Medical Cardiology,8939.12909,8951.409771,8872.08852,8925.15726,39.9585178,-75.1988562
19106,Cardiology,Medical Cardiology,3318.607647,3324.682145,3298.298498,3315.552151,39.9486292,-75.1427892
19107,Cardiology,Medical Cardiology,3866.374193,3876.34201,3850.316573,3866.540816,39.9517368,-75.1586528
19109,Cardiology,Medical Cardiology,0,0,0,0,39.9496517,-75.1636541
19111,Cardiology,Medical Cardiology,12482.67572,12492.67518,12365.73782,12452.59408,40.0606116,-75.0801761
19112,Cardiology,Medical Cardiology,0.08506194,0.085335457,0.08409029,0.084907204,39.8898568,-75.1693899
19113,Cardiology,Medical Cardiology,26.4119297,26.4292113,26.15871879,26.34460723,39.8674245,-75.2533089
19114,Cardiology,Medical Cardiology,7507.774531,7506.314545,7418.857549,7480.369443,40.0693988,-75.0001617
19115,Cardiology,Medical Cardiology,8607.494438,8597.362274,8482.82404,8565.027237,40.0906983,-75.0428683
19116,Cardiology,Medical Cardiology,7962.701433,7963.125598,7873.669816,7936.20403,40.1155695,-75.0132755
19118,Cardiology,Medical Cardiology,2396.165714,2395.934133,2368.554854,2387.766666,40.073872,-75.2112169
19119,Cardiology,Medical Cardiology,5503.533971,5503.714772,5441.62383,5485.051329,40.0533484,-75.191112
19120,Cardiology,Medical Cardiology,10318.69273,10341.02906,10257.05296,10311.36896,40.0341472,-75.1191981
19121,Cardiology,Medical Cardiology,6148.56466,6152.649384,6088.830353,6132.68673,39.9819795,-75.1791198
19122,Cardiology,Medical Cardiology,3975.154524,3976.290581,3932.338515,3962.87775,39.9777459,-75.1458998
19123,Cardiology,Medical Cardiology,2941.111983,2946.18856,2921.615318,2937.801272,39.9644894,-75.1458015
19124,Cardiology,Medical Cardiology,9981.275588,10002.14965,9918.888096,9972.996371,40.017119,-75.0928144
19125,Cardiology,Medical Cardiology,4633.71108,4639.361797,4596.044006,4625.236316,39.9762489,-75.1251055
19126,Cardiology,Medical Cardiology,2798.531582,2798.988885,2767.623115,2789.487693,40.0553892,-75.1375619
19127,Cardiology,Medical Cardiology,1392.230732,1394.586073,1383.169098,1390.689912,40.0281456,-75.2275493
19128,Cardiology,Medical Cardiology,8647.624763,8651.453413,8561.163339,8623.600661,40.0484835,-75.2279336
19129,Cardiology,Medical Cardiology,2260.445676,2262.698089,2241.00354,2255.739242,40.0130138,-75.1854021
19130,Cardiology,Medical Cardiology,5627.53845,5636.407483,5588.375455,5620.224068,39.9679353,-75.1760727
19131,Cardiology,Medical Cardiology,8285.608979,8285.181244,8190.114707,8256.74683,39.9901841,-75.2177951
19132,Cardiology,Medical Cardiology,6006.571013,6007.437098,5939.36421,5986.842015,39.9962622,-75.1708546
19133,Cardiology,Medical Cardiology,3912.555338,3918.172096,3880.841181,3905.84947,39.993092,-75.141671
19134,Cardiology,Medical Cardiology,9720.17824,9735.782279,9646.40393,9705.847967,39.9896037,-75.109091
19135,Cardiology,Medical Cardiology,6070.172981,6077.384781,6018.932477,6058.40673,40.0221101,-75.048534
19136,Cardiology,Medical Cardiology,8561.958004,8579.651262,8512.695682,8556.025936,40.0394055,-75.0185551
19137,Cardiology,Medical Cardiology,1876.515833,1877.369282,1857.406726,1871.209825,39.9929998,-75.0720521
19138,Cardiology,Medical Cardiology,5765.678392,5764.551787,5696.349801,5744.316512,40.0560021,-75.1590492
19139,Cardiology,Medical Cardiology,7015.898776,7016.16264,6935.353225,6991.867043,39.961352,-75.2293344
19140,Cardiology,Medical Cardiology,8735.946989,8744.935802,8657.200951,8716.817584,40.0121773,-75.1454951
19141,Cardiology,Medical Cardiology,5319.764405,5320.197514,5259.507859,5301.903996,40.0375748,-75.1456942
19142,Cardiology,Medical Cardiology,4062.484681,4067.769,4028.546351,4054.945342,39.9217521,-75.233279
19143,Cardiology,Medical Cardiology,11200.23346,11204.00283,11081.17129,11166.39949,39.9425789,-75.2259051
19144,Cardiology,Medical Cardiology,7798.994615,7803.51944,7721.870233,7778.119713,40.0338581,-75.1740745
19145,Cardiology,Medical Cardiology,9662.502778,9663.923746,9555.549415,9631.127253,39.9095823,-75.1984052
19146,Cardiology,Medical Cardiology,6576.974766,6588.716671,6533.847227,6569.907457,39.9394957,-75.1841456
19147,Cardiology,Medical Cardiology,8499.966359,8513.521698,8441.158875,8489.101783,39.9353273,-75.1524887
19148,Cardiology,Medical Cardiology,11108.02653,11112.96203,10995.03219,11076.59598,39.9116118,-75.1514751
19149,Cardiology,Medical Cardiology,10156.84321,10171.01139,10076.91464,10139.94873,40.0377223,-75.0657615
19150,Cardiology,Medical Cardiology,4569.648338,4568.047792,4513.379681,4551.967468,40.0724955,-75.1718235
19151,Cardiology,Medical Cardiology,4860.604314,4865.210475,4816.774236,4849.758371,39.9796129,-75.2570434
19152,Cardiology,Medical Cardiology,7902.108749,7899.924547,7806.30206,7872.274641,40.0609464,-75.0469854
19153,Cardiology,Medical Cardiology,2132.37047,2133.979812,2112.000179,2127.064054,39.8934457,-75.2296483
19154,Cardiology,Medical Cardiology,7546.665322,7551.158848,7472.707402,7526.724709,40.096483,-74.983217
19301,Cardiology,Medical Cardiology,1614.544425,1613.699629,1593.932427,1607.938428,40.0402789,-75.4803413
19310,Cardiology,Medical Cardiology,599.2488249,599.5118912,593.0113053,597.5091022,39.9350938,-75.9728333
19311,Cardiology,Medical Cardiology,1712.279412,1714.715029,1698.886881,1709.479461,39.8210951,-75.7713469
19312,Cardiology,Medical Cardiology,2806.880204,2804.846913,2769.261151,2794.577843,40.0312906,-75.4549476
19316,Cardiology,Medical Cardiology,41.08754048,41.11918781,40.69979565,40.9870407,40.0540833,-75.8338361
19317,Cardiology,Medical Cardiology,2450.338329,2448.374828,2417.171771,2439.406611,39.8608003,-75.5993807
19319,Cardiology,Medical Cardiology,221.2572153,221.2797477,218.7833964,220.5263358,39.9261007,-75.5210472
19320,Cardiology,Medical Cardiology,11166.7802,11173.59229,11056.30165,11137.04268,39.9629911,-75.8320263
19330,Cardiology,Medical Cardiology,1201.448042,1201.551164,1187.917214,1197.440355,39.8682917,-75.9137851
19333,Cardiology,Medical Cardiology,1655.745237,1655.318475,1635.706277,1649.520168,40.0418724,-75.4235971
19335,Cardiology,Medical Cardiology,10285.81012,10295.77842,10194.58495,10263.42672,40.0226176,-75.721218
19341,Cardiology,Medical Cardiology,3888.774452,3891.686669,3852.194731,3879.256644,40.0399668,-75.6407522
19342,Cardiology,Medical Cardiology,4266.285585,4265.273783,4214.951074,4250.379331,39.9041224,-75.4994215
19343,Cardiology,Medical Cardiology,1765.632615,1766.938532,1748.785865,1761.231549,40.1007718,-75.7549454
19344,Cardiology,Medical Cardiology,2602.701266,2602.552899,2572.388238,2593.533174,40.0835766,-75.8813635
19345,Cardiology,Medical Cardiology,185.0360227,184.9360443,182.6654601,184.2748647,40.029473,-75.5652882
19348,Cardiology,Medical Cardiology,4963.104446,4965.118311,4911.509287,4948.632831,39.8702798,-75.7129134
19350,Cardiology,Medical Cardiology,2449.003147,2450.891716,2425.94224,2443.029159,39.7602758,-75.7963527
19352,Cardiology,Medical Cardiology,2093.590511,2096.485304,2077.013847,2090.064908,39.7759188,-75.8896569
19355,Cardiology,Medical Cardiology,6125.142875,6125.105444,6055.094075,6104.10952,40.046452,-75.5329985
19358,Cardiology,Medical Cardiology,103.6644154,103.6579165,102.4267202,103.2898574,39.963913,-75.8050635
19362,Cardiology,Medical Cardiology,1149.256643,1149.915241,1137.732622,1146.128736,39.7507432,-76.0703829
19363,Cardiology,Medical Cardiology,3332.940511,3335.247313,3300.344495,3324.315107,39.7905596,-75.9684791
19365,Cardiology,Medical Cardiology,1402.353737,1403.279044,1388.675221,1398.712836,39.9663707,-75.9251291
19367,Cardiology,Medical Cardiology,37.73392077,37.76708354,37.39214932,37.64797072,39.9629925,-75.8840233
19372,Cardiology,Medical Cardiology,306.5850059,307.021198,304.2500471,306.1026143,39.9983967,-75.7584566
19373,Cardiology,Medical Cardiology,936.6010407,936.6061572,925.9531424,933.4092295,39.9011034,-75.5334985
19374,Cardiology,Medical Cardiology,243.3966865,243.90979,241.9322853,243.2139179,39.8247,-75.7574305
19375,Cardiology,Medical Cardiology,22.86330247,22.87761429,22.63940443,22.80328897,39.9000525,-75.7369802
19380,Cardiology,Medical Cardiology,11707.47307,11709.88995,11580.48624,11670.58546,39.9872183,-75.6031377
19382,Cardiology,Medical Cardiology,11954.72201,11960.86734,11835.32017,11921.97412,39.9276646,-75.6131662
19383,Cardiology,Medical Cardiology,557.368987,556.8068386,549.4081541,554.6996629,39.9515939,-75.6016269
19390,Cardiology,Medical Cardiology,2941.849223,2942.569539,2909.801802,2932.595155,39.8360969,-75.842359
19401,Cardiology,Medical Cardiology,8508.946251,8517.659544,8433.879746,8490.782946,40.1301797,-75.3316289
19403,Cardiology,Medical Cardiology,11459.7197,11457.63598,11324.01206,11417.96555,40.1486731,-75.3755055
19405,Cardiology,Medical Cardiology,1140.742351,1141.963341,1131.016372,1138.435052,40.1035523,-75.341022
19406,Cardiology,Medical Cardiology,5892.035746,5893.203413,5828.462517,5873.547611,40.093268,-75.383637
19422,Cardiology,Medical Cardiology,4710.599705,4707.527545,4648.759689,4690.51162,40.1568103,-75.2793927
19425,Cardiology,Medical Cardiology,3122.735582,3123.99383,3090.043996,3113.55723,40.1017778,-75.6510662
19426,Cardiology,Medical Cardiology,8796.656223,8815.161309,8745.950727,8790.697117,40.191299,-75.437052
19428,Cardiology,Medical Cardiology,4033.165455,4035.74315,3994.879934,4022.968646,40.0803369,-75.3004613
19435,Cardiology,Medical Cardiology,25.49016439,25.50562138,25.24333088,25.42384283,40.3274836,-75.5691742
19436,Cardiology,Medical Cardiology,166.7851357,166.6935102,164.6369489,166.0948669,40.2015088,-75.2469972
19437,Cardiology,Medical Cardiology,197.2069891,197.0986509,194.6669698,196.3908142,40.182414,-75.2585795
19438,Cardiology,Medical Cardiology,5320.649266,5325.843812,5273.575987,5309.124555,40.2694394,-75.3900061
19440,Cardiology,Medical Cardiology,4294.936605,4297.910088,4254.019297,4284.148154,40.2851373,-75.2909069
19442,Cardiology,Medical Cardiology,11.63579693,11.63486762,11.5012559,11.59496997,40.1295171,-75.5831447
19444,Cardiology,Medical Cardiology,2671.716177,2671.311919,2640.240051,2662.07121,40.0877435,-75.2531572
19446,Cardiology,Medical Cardiology,13128.01876,13129.85956,12983.55793,13085.60091,40.2323271,-75.3039153
19453,Cardiology,Medical Cardiology,335.1045574,335.7895395,333.1042301,334.8469503,40.1400665,-75.4989473
19454,Cardiology,Medical Cardiology,6882.101666,6884.025153,6808.716201,6861.04777,40.2261125,-75.2437858
19456,Cardiology,Medical Cardiology,166.5220523,166.8624374,165.5280383,166.3940407,40.1339032,-75.461771
19457,Cardiology,Medical Cardiology,32.98306255,32.97299901,32.58018833,32.85716851,40.2063784,-75.590117
19460,Cardiology,Medical Cardiology,9411.855567,9416.675765,9317.605568,9385.990666,40.1268267,-75.5304484
19462,Cardiology,Medical Cardiology,3726.575568,3725.115291,3680.316834,3711.967809,40.1153449,-75.2819896
19464,Cardiology,Medical Cardiology,9955.436806,9961.086816,9856.36468,9928.540173,40.2589278,-75.6158611
19465,Cardiology,Medical Cardiology,4284.403738,4284.410451,4235.666569,4269.785944,40.190386,-75.6845702
19468,Cardiology,Medical Cardiology,5670.147813,5677.224584,5624.364939,5659.951336,40.2076383,-75.5320666
19472,Cardiology,Medical Cardiology,18.10673707,18.12078008,17.9389219,18.06341402,40.3369345,-75.5737831
19473,Cardiology,Medical Cardiology,3502.726157,3505.437933,3469.753074,3494.19012,40.2561677,-75.4825341
19474,Cardiology,Medical Cardiology,171.7666132,171.8855682,170.1111537,171.3294529,40.223528,-75.4040357
19475,Cardiology,Medical Cardiology,2625.35472,2626.648765,2598.734602,2618.015707,40.173381,-75.6026601
19477,Cardiology,Medical Cardiology,39.58914522,39.54414632,39.01541814,39.39452765,40.1833154,-75.2314571
19492,Cardiology,Medical Cardiology,166.1092834,166.2184192,164.5057296,165.6827852,40.2855052,-75.4919942
19503,Cardiology,Medical Cardiology,267.6624187,267.756088,264.8793128,266.8743216,40.4080094,-75.5714783
19504,Cardiology,Medical Cardiology,1169.921733,1170.623618,1158.515454,1166.850792,40.4162153,-75.5885544
19505,Cardiology,Medical Cardiology,754.1496629,754.477439,746.4805671,752.0128222,40.3790952,-75.6224198
19506,Cardiology,Medical Cardiology,1558.27171,1559.719267,1544.44581,1554.847719,40.4542179,-76.1286901
19507,Cardiology,Medical Cardiology,625.5985956,626.0797815,619.7321303,624.079249,40.5051666,-76.270312
19508,Cardiology,Medical Cardiology,3399.01494,3400.893543,3365.293447,3389.837794,40.2666,-75.838436
19510,Cardiology,Medical Cardiology,1569.916632,1572.169399,1557.916645,1567.443019,40.445835,-75.8748713
19511,Cardiology,Medical Cardiology,55.37535321,55.38851757,54.79328118,55.20731378,40.4859168,-75.7432297
19512,Cardiology,Medical Cardiology,3862.283163,3864.672672,3825.011094,3852.296297,40.3483267,-75.6805553
19518,Cardiology,Medical Cardiology,3188.733633,3191.03453,3158.328165,3180.762441,40.2702002,-75.7525287
19519,Cardiology,Medical Cardiology,23.68951195,23.71027294,23.47715852,23.63618642,40.3207226,-75.7348147
19520,Cardiology,Medical Cardiology,1379.96219,1379.780659,1363.816481,1375.027712,40.1635101,-75.7934646
19522,Cardiology,Medical Cardiology,3198.998312,3200.930153,3167.866001,3190.624539,40.4473345,-75.820503
19523,Cardiology,Medical Cardiology,58.07536942,58.08758538,57.4494926,57.89371435,40.2008665,-75.8507722
19525,Cardiology,Medical Cardiology,3232.564349,3234.178367,3199.802498,3223.542803,40.3054398,-75.5849413
19526,Cardiology,Medical Cardiology,2461.160052,2461.956474,2435.492159,2453.857895,40.5470959,-75.9966381
19529,Cardiology,Medical Cardiology,691.5104637,692.0609228,685.1494179,689.8773795,40.6313093,-75.8646139
19530,Cardiology,Medical Cardiology,3891.602273,3892.26174,3849.782833,3879.386175,40.5390734,-75.7814441
19533,Cardiology,Medical Cardiology,1815.688859,1817.332386,1799.639832,1811.695914,40.425173,-75.9926726
19534,Cardiology,Medical Cardiology,447.3060585,447.551338,442.906528,446.1088391,40.5734185,-75.8748193
19535,Cardiology,Medical Cardiology,5.080434423,5.07970714,5.020733974,5.062160647,40.3399999,-75.8040337
19536,Cardiology,Medical Cardiology,126.3250245,126.3550557,124.9971727,125.9416846,40.4805775,-75.7589483
19538,Cardiology,Medical Cardiology,16.43955799,16.44346615,16.26675535,16.38967128,40.5475771,-75.7026233
19539,Cardiology,Medical Cardiology,1100.347313,1100.395876,1087.989331,1096.6642,40.4963135,-75.6835576
19540,Cardiology,Medical Cardiology,2552.336299,2553.619509,2526.717581,2545.292289,40.2362773,-75.9666095
19541,Cardiology,Medical Cardiology,982.7189652,983.4750172,973.6112626,980.3646804,40.4859614,-76.0302351
19542,Cardiology,Medical Cardiology,14.19312579,14.20655643,14.06587109,14.1616647,40.2611987,-75.7671908
19543,Cardiology,Medical Cardiology,1211.380544,1212.163003,1199.513819,1208.211756,40.1756205,-75.8949814
19544,Cardiology,Medical Cardiology,39.7499116,39.79179245,39.41050058,39.66902872,40.4174473,-76.2962374
19545,Cardiology,Medical Cardiology,98.62529474,98.65555103,97.59122525,98.33020204,40.3415239,-75.6240673
19547,Cardiology,Medical Cardiology,968.4326311,968.6668532,958.1111333,965.4532928,40.3800483,-75.7686029
19550,Cardiology,Medical Cardiology,130.1809605,130.3181203,129.0693894,129.9160691,40.4549393,-76.2494322
19551,Cardiology,Medical Cardiology,1043.840627,1044.508591,1033.769307,1041.153213,40.3617823,-76.1373239
19554,Cardiology,Medical Cardiology,81.95649466,82.02498064,81.21389623,81.76795812,40.5128791,-76.1037329
19555,Cardiology,Medical Cardiology,722.5377743,722.6757879,714.7684925,720.2759966,40.4943812,-75.9539208
19559,Cardiology,Medical Cardiology,68.65191835,68.70307447,68.00328447,68.48290625,40.4952171,-76.182401
19560,Cardiology,Medical Cardiology,1748.931455,1747.446798,1724.997795,1741.009029,40.4062611,-75.8935759
19562,Cardiology,Medical Cardiology,625.2367645,625.0498035,617.6191877,622.858011,40.5053788,-75.7026531
19564,Cardiology,Medical Cardiology,20.12251551,20.13098291,19.91696895,20.06508524,40.518731,-75.8783103
19565,Cardiology,Medical Cardiology,1931.737759,1932.324146,1911.218256,1925.875102,40.3425065,-76.0882409
19567,Cardiology,Medical Cardiology,1089.106222,1089.917589,1078.925905,1086.45781,40.3883893,-76.2097848
19601,Cardiology,Medical Cardiology,4968.422447,4977.156407,4932.545638,4962.026384,40.3557582,-75.9410317
19602,Cardiology,Medical Cardiology,2714.417732,2718.262547,2692.302397,2709.705539,40.3287396,-75.9149755
19604,Cardiology,Medical Cardiology,4091.369196,4099.369898,4063.958431,4087.146318,40.3568247,-75.9102421
19605,Cardiology,Medical Cardiology,4214.349506,4213.858041,4164.784304,4199.234213,40.3979075,-75.943191
19606,Cardiology,Medical Cardiology,7535.481371,7537.822958,7455.755606,7512.734435,40.3389156,-75.8570786
19607,Cardiology,Medical Cardiology,5060.590393,5058.235505,4996.831829,5040.28538,40.2914828,-75.9447914
19608,Cardiology,Medical Cardiology,5070.887891,5072.651129,5017.700821,5055.813389,40.3107983,-76.0347715
19609,Cardiology,Medical Cardiology,2402.557624,2401.570984,2372.694935,2393.105497,40.3283126,-75.9972852
19610,Cardiology,Medical Cardiology,3713.76639,3709.627432,3660.622235,3695.753665,40.3415353,-75.9749208
19611,Cardiology,Medical Cardiology,1977.840299,1977.052112,1952.666995,1969.894214,40.3246743,-75.9428571
19701,Cardiology,Medical Cardiology,7982.264291,7995.894236,7927.507551,7972.652242,39.583171,-75.7008991
19702,Cardiology,Medical Cardiology,9872.523639,9893.939839,9816.313308,9866.36864,39.6181998,-75.7297243
19703,Cardiology,Medical Cardiology,3077.037925,3079.127945,3047.475462,3069.214196,39.8015141,-75.4538529
19706,Cardiology,Medical Cardiology,411.6795173,411.6655137,406.9713208,410.2600566,39.5732144,-75.5960555
19707,Cardiology,Medical Cardiology,3757.040332,3757.790161,3716.216351,3745.168052,39.785594,-75.68364
19709,Cardiology,Medical Cardiology,7289.483589,7295.6483,7221.77916,7272.254616,39.4943689,-75.67747
19710,Cardiology,Medical Cardiology,9.867660677,9.862307256,9.740807609,9.826928046,39.7951671,-75.5880923
19711,Cardiology,Medical Cardiology,10990.26824,10998.88762,10889.23131,10964.26685,39.7137809,-75.7408261
19713,Cardiology,Medical Cardiology,6400.049605,6403.596606,6336.547568,6382.772494,39.6716088,-75.7133998
19716,Cardiology,Medical Cardiology,400.7638747,400.5188298,395.6223314,399.0988893,39.6895598,-75.7583913
19717,Cardiology,Medical Cardiology,623.857406,624.172659,617.5886417,622.1344032,39.6784644,-75.7522728
19720,Cardiology,Medical Cardiology,12253.22372,12263.4533,12139.87693,12224.33447,39.6469221,-75.6048524
19730,Cardiology,Medical Cardiology,93.40522965,93.40507135,92.31849332,93.0791296,39.4639825,-75.6468192
19731,Cardiology,Medical Cardiology,56.74982803,56.80161614,56.24437116,56.62408502,39.5197692,-75.5812429
19732,Cardiology,Medical Cardiology,6.753610702,6.743721245,6.650788977,6.717819456,39.7838966,-75.5700418
19733,Cardiology,Medical Cardiology,24.84389347,24.84304838,24.55976485,24.75823234,39.5558256,-75.651088
19734,Cardiology,Medical Cardiology,2553.932002,2554.145332,2524.92242,2545.335792,39.3816439,-75.6533217
19735,Cardiology,Medical Cardiology,2.920022037,2.918437861,2.882483884,2.907968503,39.803172,-75.5997183
19736,Cardiology,Medical Cardiology,7.942488782,7.935279981,7.832829709,7.90598666,39.8024788,-75.6759159
19801,Cardiology,Medical Cardiology,3212.80871,3215.285151,3182.140365,3204.846427,39.7277146,-75.5411537
19802,Cardiology,Medical Cardiology,5127.875538,5130.330527,5075.407463,5113.36261,39.7566081,-75.5290789
19803,Cardiology,Medical Cardiology,5290.159708,5286.827437,5221.237864,5267.817019,39.8006655,-75.542415
19804,Cardiology,Medical Cardiology,3764.13768,3765.66489,3725.222243,3753.226654,39.7168623,-75.6176775
19805,Cardiology,Medical Cardiology,7688.699206,7695.807521,7618.736763,7671.264631,39.7437462,-75.5933301
19806,Cardiology,Medical Cardiology,2501.045553,2500.495177,2471.626413,2491.944623,39.7633054,-75.5641419
19807,Cardiology,Medical Cardiology,1806.890992,1805.431154,1782.366341,1798.803678,39.7965002,-75.6128401
19808,Cardiology,Medical Cardiology,8859.0152,8861.580683,8765.149899,8832.138351,39.7376151,-75.6670572
19809,Cardiology,Medical Cardiology,3163.574223,3165.92069,3134.115862,3155.909948,39.7577865,-75.5009534
19810,Cardiology,Medical Cardiology,6024.636504,6023.017738,5952.122051,6002.072785,39.8187798,-75.5064004
19901,Cardiology,Medical Cardiology,7536.489538,7541.026813,7462.087885,7516.43768,39.1815422,-75.4735201
19902,Cardiology,Medical Cardiology,39.96462914,40.10820644,39.87460345,40.00941008,39.1252466,-75.4818134
19904,Cardiology,Medical Cardiology,7622.564686,7627.59373,7548.588421,7602.886329,39.1712793,-75.587619
19934,Cardiology,Medical Cardiology,2886.49847,2887.489632,2855.978542,2877.838073,39.0847274,-75.6273547
19936,Cardiology,Medical Cardiology,64.59179752,64.65193318,64.01050855,64.44747866,39.2191093,-75.5843932
19938,Cardiology,Medical Cardiology,1834.504538,1835.733737,1816.718831,1829.783425,39.2608775,-75.7076049
19943,Cardiology,Medical Cardiology,2517.288608,2519.546039,2494.404691,2511.552148,39.0044358,-75.6069858
19946,Cardiology,Medical Cardiology,1041.62807,1042.305331,1031.482763,1038.923108,39.0348019,-75.4495848
19952,Cardiology,Medical Cardiology,2104.476317,2105.52883,2083.037767,2098.571009,38.9214242,-75.6284253
19953,Cardiology,Medical Cardiology,971.3950055,972.1304439,962.2414916,969.0166705,39.152487,-75.6941327
19954,Cardiology,Medical Cardiology,338.6057208,338.8039198,335.264584,337.7024793,38.8970097,-75.5204569
19955,Cardiology,Medical Cardiology,16.03116323,16.04138794,15.8753396,15.9895285,39.2259309,-75.6686384
19962,Cardiology,Medical Cardiology,2202.519281,2205.242659,2184.200106,2198.385218,39.0688084,-75.4883882
19964,Cardiology,Medical Cardiology,294.6052794,294.8476494,291.8799137,293.9088547,39.0893253,-75.7205
19977,Cardiology,Medical Cardiology,5256.613667,5256.759257,5196.280518,5238.586517,39.2989462,-75.5461219
19979,Cardiology,Medical Cardiology,142.1711539,142.2647991,140.8001496,141.8066752,39.0488469,-75.5725493
21901,Cardiology,Medical Cardiology,3263.225955,3265.38739,3231.4785,3254.782436,39.589202,-75.9639483
21902,Cardiology,Medical Cardiology,102.7113525,102.7709085,101.7009046,102.4379961,39.5519707,-76.0631474
21903,Cardiology,Medical Cardiology,1235.857246,1236.606872,1223.774201,1232.607146,39.5734384,-76.0390619
21904,Cardiology,Medical Cardiology,1449.633772,1451.361154,1437.646253,1446.901207,39.6154896,-76.0679877
21911,Cardiology,Medical Cardiology,2200.625205,2202.610924,2180.732075,2195.650126,39.6952961,-76.0322761
21912,Cardiology,Medical Cardiology,264.6565778,264.702973,261.7694301,263.8136311,39.4194139,-75.8186314
21913,Cardiology,Medical Cardiology,141.383402,141.3892595,139.7853087,140.9069028,39.4045089,-75.8676095
21914,Cardiology,Medical Cardiology,161.8686365,162.0054411,160.373738,161.4885693,39.5723444,-75.9786874
21915,Cardiology,Medical Cardiology,649.805955,650.1614539,643.4362927,648.0728058,39.4961474,-75.8481678
21916,Cardiology,Medical Cardiology,7.11839235,7.125025638,7.054209484,7.102454134,39.6412883,-75.861562
21917,Cardiology,Medical Cardiology,505.8746281,506.3678171,501.4058728,504.780596,39.671632,-76.0973973
21918,Cardiology,Medical Cardiology,862.1308988,863.3362412,855.5165575,860.7492676,39.6781944,-76.1758883
21919,Cardiology,Medical Cardiology,739.0795383,739.1101584,730.7255306,736.588646,39.4185535,-75.933709
21920,Cardiology,Medical Cardiology,52.34262241,52.38251288,51.84966417,52.21468017,39.6574976,-75.8283258
21921,Cardiology,Medical Cardiology,8830.584994,8838.890462,8751.196429,8810.921159,39.6271448,-75.8598906
21930,Cardiology,Medical Cardiology,20.08785913,20.08869137,19.86080085,20.02015777,39.3756595,-75.8879926
